_etl_loaded_at,user_id,profile_id,preferred_company_id,created_at,suspended_at,deleted_at,email,role,flags,accounting_firm_office_id,is_signup_completed,rgpd_hard_deleted_at
2025-10-03 00:00:54.251417 UTC,99578,137396,104073,2023-11-21 08:08:51.166000 UTC,,,equipe+tech-data@dougs.fr,accountant,"['canSeeNewNotificationModule', 'data-canSeeQuote', 'data-canSeeNewInvoiceModule', 'canSeeNewInvoiceModule']",1,TRUE,
2025-10-03 00:00:54.251417 UTC,43948,61039,45423,2021-12-30 09:00:59.911000 UTC,,,equipe+bordeaux@dougs.fr,accountant,"['role:accountant', 'role:supervisor', 'canSeeNewNotificationModule', 'data-canSeeQuote', 'data-canSeeNewInvoiceModule', 'canSeeNewInvoiceModule']",1,TRUE,
2025-10-03 00:00:54.251417 UTC,6413,8556,6264,2017-12-07 10:33:05.794000 UTC,,,equipe+bleu@dougs.fr,accountant,"['role:accountant', 'role:supervisor', 'canSeeNewNotificationModule', 'data-canSeeQuote', 'data-canSeeNewInvoiceModule', 'canSeeNewInvoiceModule']",1,TRUE,
2025-10-03 00:00:54.251417 UTC,41418,57667,42783,2021-11-25 10:12:55.391000 UTC,,,equipe+diamant@dougs.fr,accountant,"['role:legal', 'canSeeNewNotificationModule', 'data-canSeeQuote', 'data-canSeeNewInvoiceModule', 'canSeeNewInvoiceModule']",1,TRUE,
2025-10-03 00:00:54.251417 UTC,19330,26951,19757,2020-07-06 11:42:39.193000 UTC,2024-05-17,,lea.garcia@dougs.fr,accountant,['canSeeNewNotificationModule'],1,TRUE,
2025-10-03 00:00:54.251417 UTC,117303,163074,124110,2024-05-02 08:34:57.502000 UTC,2024-05-06,,hugo.roux@dougs.fr,accountant,['canSeeNewNotificationModule'],1,TRUE,
2025-10-03 00:00:54.251417 UTC,44159,61327,45650,2022-01-03 13:13:36.560000 UTC,2024-02-29,,manon.fournier@dougs.fr,accountant,['canSeeNewNotificationModule'],1,TRUE,
2025-10-03 00:00:54.251417 UTC,105015,145304,110178,2024-01-15 10:14:10.976000 UTC,2024-04-12,,enzo.lambert@dougs.fr,accountant,['canSeeNewNotificationModule'],1,TRUE,
2025-10-03 00:00:54.251417 UTC,111739,155099,117685,2024-03-11 10:08:03.326000 UTC,2024-09-12,,noah.renard@dougs.fr,accountant,[],1,TRUE,
2025-10-03 00:00:54.251417 UTC,113344,157401,119534,2024-03-25 10:02:12.173000 UTC,2024-04-02,,julie.marchand@gougs.fr,accountant,[],1,TRUE,
2025-10-03 00:00:54.251417 UTC,120306,167308,127518,2024-06-03 09:22:12.934000 UTC,2024-06-11,,theo.picard@dougs.fr,accountant,[],1,TRUE,
2025-10-03 00:00:54.251417 UTC,166720,236549,180627,2025-07-08 19:46:30.735000 UTC,,,pauline.besson62@placeholder.net,customer,['canAccessNewSettings'],1,FALSE,
2025-10-03 00:00:54.251417 UTC,168711,239458,182890,2025-07-23 07:39:45.423000 UTC,,,ethan.faure45@demo.org,customer,['canAccessNewSettings'],1,FALSE,
2025-10-03 00:00:54.251417 UTC,175777,249426,190805,2025-09-09 17:30:09.806000 UTC,,,clara.chevalier34@inboxmail.net,customer,['canAccessNewSettings'],1,FALSE,
2025-10-03 00:00:54.251417 UTC,171601,243593,186181,2025-08-13 16:40:42.784000 UTC,,,lucie.barbier78@example.net,customer,['canAccessNewSettings'],1,FALSE,
2025-10-03 00:00:54.251417 UTC,166031,235573,179866,2025-07-03 18:39:10.568000 UTC,,,nicolas.lucas10@mailbox.org,customer,['canAccessNewSettings'],1,FALSE,
2025-10-03 00:00:54.251417 UTC,171295,243173,185827,2025-08-11 17:32:10.245000 UTC,,,ana√Øs.henry03@fakemail.com,customer,['canAccessNewSettings'],1,FALSE,
2025-10-03 00:00:54.251417 UTC,157161,223368,170341,2025-05-07 16:21:05.241000 UTC,,,bastien.joly59@webmail.org,customer,['canAccessNewSettings'],1,FALSE,
2025-10-03 00:00:54.251417 UTC,157162,223371,170342,2025-05-07 16:27:39.928000 UTC,,,laura.noel71@mailservice.com,customer,['canAccessNewSettings'],1,FALSE,
2025-10-03 00:00:54.251417 UTC,171296,243174,185828,2025-08-11 17:35:30.481000 UTC,,,quentin.roy27@demoemail.net,customer,['canAccessNewSettings'],1,FALSE,
2025-10-03 00:00:54.251417 UTC,170630,242239,185074,2025-08-05 23:55:30.381000 UTC,,,elodie.bourgeois64@webhub.org,customer,['canAccessNewSettings'],1,FALSE,
2025-10-03 00:00:54.251417 UTC,167896,238270,181971,2025-07-17 13:06:20.219000 UTC,,,adrien.ramos86@example.org,customer,['canAccessNewSettings'],1,FALSE,
2025-10-03 00:00:54.251417 UTC,178662,253498,194025,2025-09-24 16:43:06.090000 UTC,,,jade.guillet99@mailbox.net,customer,['canAccessNewSettings'],1,FALSE,
2025-10-03 00:00:54.251417 UTC,171297,243175,185829,2025-08-11 17:40:11.875000 UTC,,,simon.dupuy50@samplemail.com,customer,['canAccessNewSettings'],1,FALSE,
2025-10-03 00:00:54.251417 UTC,166038,235581,179873,2025-07-03 19:14:33.499000 UTC,,,oceane.leclercq40@mockmail.net,customer,['canAccessNewSettings'],1,FALSE,
2025-10-03 00:00:54.251417 UTC,169693,240849,184002,2025-07-29 23:32:42.218000 UTC,,,mathis.poirier77@randommail.org,customer,['canAccessNewSettings'],1,FALSE,
2025-10-03 00:00:54.251417 UTC,174123,247035,188959,2025-08-31 16:12:42.512000 UTC,,,eva.roger08@tempbox.com,customer,['canAccessNewSettings'],1,FALSE,
2025-10-03 00:00:54.251417 UTC,171298,243176,185830,2025-08-11 17:45:14.608000 UTC,,,romain.laborde21@demo.org,customer,['canAccessNewSettings'],1,FALSE,
2025-10-03 00:00:54.251417 UTC,167898,238272,181973,2025-07-17 13:08:26.353000 UTC,,,julie.gomez33@web.net,customer,['canAccessNewSettings'],1,FALSE,
2025-10-03 00:00:54.251417 UTC,169694,240850,184003,2025-07-30 04:35:58.911000 UTC,,,thomas.bonnet02@fakemail.org,customer,['canAccessNewSettings'],1,FALSE,
2025-10-03 00:00:54.251417 UTC,161293,229150,175017,2025-06-05 08:57:46.363000 UTC,,,marie.renard91@mailhub.net,customer,['canAccessNewSettings'],1,FALSE,
2025-10-03 00:00:54.251417 UTC,168719,239470,182901,2025-07-23 08:18:18.346000 UTC,,,alexandre.marty58@examplemail.com,customer,['canAccessNewSettings'],1,FALSE,
2025-10-03 00:00:54.251417 UTC,157170,223382,170353,2025-05-07 17:02:00.522000 UTC,,,lisa.humbert25@placeholder.org,customer,['canAccessNewSettings'],1,FALSE,
2025-10-03 00:00:54.251417 UTC,173935,246808,188759,2025-08-29 19:21:04.440000 UTC,,,valentin.riou60@mockbox.net,customer,['canAccessNewSettings'],1,FALSE,
2025-10-03 00:00:54.251417 UTC,178208,252831,193496,2025-09-22 20:10:59.158000 UTC,,2025-09-25 09:51:08.513000 UTC,sarah.weber04@inboxbox.com,customer,['canAccessNewSettings'],1,FALSE,
2025-10-03 00:00:54.251417 UTC,178666,253503,194029,2025-09-24 17:04:16.384000 UTC,,,kevin.muller17@demoemail.com,customer,['canAccessNewSettings'],1,FALSE,
2025-10-03 00:00:54.251417 UTC,159417,226574,172890,2025-05-22 09:05:01.065000 UTC,,,emma.hardy30@mailservice.net,customer,['canAccessNewSettings'],1,FALSE,
2025-10-03 00:00:54.251417 UTC,168720,239473,182902,2025-07-23 08:19:41.312000 UTC,,,florian.lejeune43@webmailbox.org,customer,['canAccessNewSettings'],1,FALSE,
2025-10-03 00:00:54.251417 UTC,159419,226576,172892,2025-05-22 09:12:35.885000 UTC,,,alice.gros98@tempweb.net,customer,['canAccessNewSettings'],1,FALSE,
2025-10-03 00:00:54.251417 UTC,175785,249434,190813,2025-09-09 18:01:37.529000 UTC,,,yann.masson19@fakemailhub.com,customer,['canAccessNewSettings'],1,FALSE,
2025-10-03 00:00:54.251417 UTC,178964,253929,194351,2025-09-26 07:20:18.182000 UTC,,,clara.pichon83@demo.net,customer,['canAccessNewSettings'],1,FALSE,
2025-10-03 00:00:54.251417 UTC,175786,249435,190814,2025-09-09 18:03:52.660000 UTC,,,noah.da silva31@webbox.org,customer,['canAccessNewSettings'],1,FALSE,
2025-10-03 00:00:54.251417 UTC,153324,217792,166001,2025-04-08 14:52:30.207000 UTC,,,melanie.millet44@mailbox.org,customer,['canAccessNewSettings'],1,FALSE,
2025-10-03 00:00:54.251417 UTC,168723,239476,182905,2025-07-23 08:24:27.021000 UTC,,,leo.delorme16@example.org,customer,['canAccessNewSettings'],1,FALSE,
2025-10-03 00:00:54.251417 UTC,168722,239475,182904,2025-07-23 08:24:04.675000 UTC,,,marion.hebert23@placeholder.net,customer,['canAccessNewSettings'],1,FALSE,
2025-10-03 00:00:54.251417 UTC,170316,241773,184713,2025-08-04 08:19:08.687000 UTC,,,julien.baron74@mockmail.com,customer,['canAccessNewSettings'],1,FALSE,
2025-10-03 00:00:54.251417 UTC,157175,223389,170358,2025-05-07 17:50:33.825000 UTC,,,amandine.riviere13@fakemail.org,customer,['canAccessNewSettings'],1,FALSE,
2025-10-03 00:00:54.251417 UTC,178937,253893,194319,2025-09-25 21:32:00.830000 UTC,,,enzo.jacquet92@mailhub.net,customer,['canAccessNewSettings'],1,FALSE,
2025-10-03 00:00:54.251417 UTC,161299,229156,175023,2025-06-05 09:21:58.983000 UTC,,,laure.valette36@randommail.com,customer,['canAccessNewSettings'],1,FALSE,
2025-10-03 00:00:54.251417 UTC,157177,223391,170360,2025-05-07 18:14:07.338000 UTC,,,alexis.perrier65@examplemail.net,customer,['canAccessNewSettings'],1,FALSE,
2025-10-03 00:00:54.251417 UTC,176373,250226,191464,2025-09-12 12:43:29.333000 UTC,,,maelle.gay21@webmail.org,customer,['canAccessNewSettings'],1,FALSE,
2025-10-03 00:00:54.251417 UTC,157180,223396,170363,2025-05-07 18:42:03.334000 UTC,,,nino.deschamps99@demo.org,customer,['canAccessNewSettings'],1,FALSE,
2025-10-03 00:00:54.251417 UTC,166055,235600,179891,2025-07-03 22:17:29.315000 UTC,,,celia.guichard54@tempbox.net,customer,['canAccessNewSettings'],1,FALSE,
2025-10-03 00:00:54.251417 UTC,157182,223398,170365,2025-05-07 18:47:52.104000 UTC,,,samuel.bailly75@mock.net,customer,['canAccessNewSettings'],1,FALSE,
2025-10-03 00:00:54.251417 UTC,178938,253894,194320,2025-09-25 21:34:27.192000 UTC,,,agathe.poulain80@mailbox.com,customer,['canAccessNewSettings'],1,FALSE,
2025-10-03 00:00:54.251417 UTC,178939,253895,194321,2025-09-25 21:36:15.634000 UTC,,,luc.menard67@fakemailhub.org,customer,['canAccessNewSettings'],1,FALSE,
2025-10-03 00:00:54.251417 UTC,175792,249442,190820,2025-09-09 18:32:42.860000 UTC,,,juliette.pineau48@example.com,customer,['canAccessNewSettings'],1,FALSE,
2025-10-03 00:00:54.251417 UTC,171303,243182,185835,2025-08-11 17:58:44.268000 UTC,,,dylan.lemoigne15@demoemail.org,customer,['canAccessNewSettings'],1,FALSE,
2025-10-03 00:00:54.251417 UTC,159432,226589,172906,2025-05-22 10:09:40.579000 UTC,,,lise.charbonnier35@webhub.net,customer,['canAccessNewSettings'],1,FALSE,
2025-10-03 00:00:54.251417 UTC,157187,223403,170370,2025-05-07 19:31:37.347000 UTC,,,hugo.verrier87@inbox.org,customer,['canAccessNewSettings'],1,FALSE,
2025-10-03 00:00:54.251417 UTC,168641,239363,182809,2025-07-22 16:01:57.253000 UTC,,,nina.lenoir70@randommail.com,customer,['canAccessNewSettings'],1,FALSE,
2025-10-03 00:00:54.251417 UTC,178672,253511,194035,2025-09-24 17:47:36.568000 UTC,,,maxime.legros93@placeholder.net,customer,['canAccessNewSettings'],1,FALSE,
2025-10-03 00:00:54.251417 UTC,175795,249446,190823,2025-09-09 18:48:37.346000 UTC,,,clara.fabre20@webmail.net,customer,['canAccessNewSettings'],1,FALSE,
2025-10-03 00:00:54.251417 UTC,164073,232674,177675,2025-06-20 13:24:09.525000 UTC,,,axelle.petit14@mockmail.org,customer,['canAccessNewSettings'],1,FALSE,
2025-10-03 00:00:54.251417 UTC,159436,226595,172910,2025-05-22 10:43:58.918000 UTC,,,benjamin.lemaire39@mailhub.com,customer,['canAccessNewSettings'],1,FALSE,
2025-10-03 00:00:54.251417 UTC,168733,239490,182915,2025-07-23 08:52:22.100000 UTC,,,eva.lemoine57@fakeinbox.net,customer,['canAccessNewSettings'],1,FALSE,
2025-10-03 00:00:54.251417 UTC,164076,232677,177679,2025-06-20 13:41:55.440000 UTC,,,theo.marion18@demoemail.org,customer,['canAccessNewSettings'],1,FALSE,
2025-10-03 00:00:54.251417 UTC,173679,246462,188466,2025-08-28 13:57:50.090000 UTC,,,manon.bernard29@webbox.net,customer,['canAccessNewSettings'],1,FALSE,
2025-10-03 00:00:54.251417 UTC,157993,224527,171263,2025-05-13 16:46:32.065000 UTC,,,camille.alexandre08@placeholder.com,customer,['canAccessNewSettings'],1,FALSE,
2025-10-03 00:00:54.251417 UTC,175800,249451,190828,2025-09-09 19:05:28.058000 UTC,,,quentin.leclerc65@fakemail.org,customer,['canAccessNewSettings'],1,FALSE,
2025-10-03 00:00:54.251417 UTC,123150,171409,130761,2024-07-01 09:37:40.410000 UTC,2024-07-16,,camille.giraud@dougs.fr,accountant,[],1,TRUE,
2025-10-03 00:00:54.251417 UTC,173347,246019,188129,2025-08-26 20:32:05.717000 UTC,,,oceane.costa19@mockbox.net,customer,['canAccessNewSettings'],1,FALSE,
2025-10-03 00:00:54.251417 UTC,164078,232679,177681,2025-06-20 13:43:18.851000 UTC,,,bastien.joubert74@randommail.org,customer,['canAccessNewSettings'],1,FALSE,
2025-10-03 00:00:54.251417 UTC,171604,243596,186184,2025-08-13 16:49:59.634000 UTC,,,elsa.rodriguez37@examplemail.net,customer,['canAccessNewSettings'],1,FALSE,
2025-10-03 00:00:54.251417 UTC,166665,236481,180569,2025-07-08 14:48:44.063000 UTC,,,adrien.boulanger21@inbox.net,customer,['canAccessNewSettings'],1,FALSE,
2025-10-03 00:00:54.251417 UTC,164079,232681,177682,2025-06-20 13:44:45.512000 UTC,,,pauline.gallet58@mailhub.org,customer,['canAccessNewSettings'],1,FALSE,
2025-10-03 00:00:54.251417 UTC,118630,164901,125622,2024-05-16 14:46:28.762000 UTC,,,accounting+anthracite@dougs.fr,accountant,"['role:accountant', 'canSeeNewNotificationModule', 'data-canSeeQuote', 'data-canSeeNewInvoiceModule', 'canSeeNewInvoiceModule']",1,TRUE,
2025-10-03 00:00:54.251417 UTC,6416,8559,6267,2017-12-07 10:37:56.052000 UTC,,,equipe+rouge@dougs.fr,accountant,"['role:accountant', 'role:supervisor', 'canSeeNewNotificationModule', 'data-canSeeQuote', 'data-canSeeNewInvoiceModule', 'canSeeNewInvoiceModule']",1,TRUE,
2025-10-03 00:00:54.251417 UTC,20976,29426,21479,2020-09-18 15:10:57.224000 UTC,,,equipe+beige@dougs.fr,accountant,"['role:accountant', 'role:supervisor', 'canSeeNewNotificationModule', 'data-canSeeQuote', 'data-canSeeNewInvoiceModule', 'canSeeNewInvoiceModule']",1,TRUE,
2025-10-03 00:00:54.251417 UTC,6415,8558,6266,2017-12-07 10:36:18.868000 UTC,,,equipe+vert@dougs.fr,accountant,"['role:accountant', 'role:supervisor', 'canSeeNewNotificationModule', 'data-canSeeQuote', 'data-canSeeNewInvoiceModule', 'canSeeNewInvoiceModule']",1,TRUE,
2025-10-03 00:00:54.251417 UTC,69153,95011,71777,2022-11-28 10:09:19.107000 UTC,2022-12-17,,emma.martin@dougs.fr,accountant,['canSeeNewNotificationModule'],1,TRUE,
2025-10-03 00:00:54.251417 UTC,110940,154004,116782,2024-03-04 10:37:39.945000 UTC,2024-03-11,,lucas.dubois@dougs.fr,accountant,['canSeeNewNotificationModule'],1,TRUE,
2025-10-03 00:00:54.251417 UTC,69823,96015,72491,2022-12-05 08:28:17.212000 UTC,2023-01-09,,chloe.lefevre@dougs.fr,accountant,['canSeeNewNotificationModule'],1,TRUE,
2025-10-03 00:00:54.251417 UTC,114876,159533,121291,2024-04-08 09:19:07.351000 UTC,2024-04-26,,nathan.moreau@dougs.fr,accountant,['canSeeNewNotificationModule'],1,TRUE,
2025-10-03 00:00:54.251417 UTC,159437,226596,172911,2025-05-22 10:45:31.929000 UTC,,,nicolas.garnier64@example.org,customer,['canAccessNewSettings'],1,FALSE,
2025-10-03 00:00:54.251417 UTC,159438,226598,172912,2025-05-22 10:50:04.355000 UTC,,,chloe.pierre06@webmail.com,customer,['canAccessNewSettings'],1,FALSE,
2025-10-03 00:00:54.251417 UTC,175798,249449,190826,2025-09-09 18:52:57.279000 UTC,,,eliot.guillaume42@demo.net,customer,['canAccessNewSettings'],1,FALSE,
2025-10-03 00:00:54.251417 UTC,159440,226600,172915,2025-05-22 10:58:19.334000 UTC,,,lou.marchal33@tempbox.com,customer,['canAccessNewSettings'],1,FALSE,
2025-10-03 00:00:54.251417 UTC,153335,217807,166015,2025-04-08 16:00:18.031000 UTC,,,romane.guyot22@mock.net,customer,['canAccessNewSettings'],1,FALSE,
2025-10-03 00:00:54.251417 UTC,166066,235614,179909,2025-07-04 05:49:26.842000 UTC,,,julien.laurent11@mailbox.org,customer,['canAccessNewSettings'],1,FALSE,
2025-10-03 00:00:54.251417 UTC,157191,223407,170374,2025-05-07 20:09:19.006000 UTC,,,lea.charles93@webmailhub.com,customer,['canAccessNewSettings'],1,FALSE,